time_key,date,date_key,year,quarter,month,month_name,week,day,day_name,is_weekend
1,2024-01-01 04:01:10,20240101,2024,1,1,January,1,1,Monday,False
2,2024-01-02 04:01:10,20240102,2024,1,1,January,1,2,Tuesday,False
3,2024-01-03 04:01:10,20240103,2024,1,1,January,1,3,Wednesday,False
4,2024-01-04 04:01:10,20240104,2024,1,1,January,1,4,Thursday,False
5,2024-01-05 04:01:10,20240105,2024,1,1,January,1,5,Friday,False
6,2024-01-06 04:01:10,20240106,2024,1,1,January,1,6,Saturday,True
7,2024-01-07 04:01:10,20240107,2024,1,1,January,1,7,Sunday,True
8,2024-01-08 04:01:10,20240108,2024,1,1,January,2,8,Monday,False
9,2024-01-09 04:01:10,20240109,2024,1,1,January,2,9,Tuesday,False
10,2024-01-10 04:01:10,20240110,2024,1,1,January,2,10,Wednesday,False
11,2024-01-11 04:01:10,20240111,2024,1,1,January,2,11,Thursday,False
12,2024-01-12 04:01:10,20240112,2024,1,1,January,2,12,Friday,False
13,2024-01-13 04:01:10,20240113,2024,1,1,January,2,13,Saturday,True
14,2024-01-14 04:01:10,20240114,2024,1,1,January,2,14,Sunday,True
15,2024-01-15 04:01:10,20240115,2024,1,1,January,3,15,Monday,False
16,2024-01-16 04:01:10,20240116,2024,1,1,January,3,16,Tuesday,False
17,2024-01-17 04:01:10,20240117,2024,1,1,January,3,17,Wednesday,False
18,2024-01-18 04:01:10,20240118,2024,1,1,January,3,18,Thursday,False
19,2024-01-19 04:01:10,20240119,2024,1,1,January,3,19,Friday,False
20,2024-01-20 04:01:10,20240120,2024,1,1,January,3,20,Saturday,True
21,2024-01-21 04:01:10,20240121,2024,1,1,January,3,21,Sunday,True
22,2024-01-22 04:01:10,20240122,2024,1,1,January,4,22,Monday,False
23,2024-01-23 04:01:10,20240123,2024,1,1,January,4,23,Tuesday,False
24,2024-01-24 04:01:10,20240124,2024,1,1,January,4,24,Wednesday,False
25,2024-01-25 04:01:10,20240125,2024,1,1,January,4,25,Thursday,False
26,2024-01-26 04:01:10,20240126,2024,1,1,January,4,26,Friday,False
27,2024-01-27 04:01:10,20240127,2024,1,1,January,4,27,Saturday,True
28,2024-01-28 04:01:10,20240128,2024,1,1,January,4,28,Sunday,True
29,2024-01-29 04:01:10,20240129,2024,1,1,January,5,29,Monday,False
30,2024-01-30 04:01:10,20240130,2024,1,1,January,5,30,Tuesday,False
31,2024-01-31 04:01:10,20240131,2024,1,1,January,5,31,Wednesday,False
32,2024-02-01 04:01:10,20240201,2024,1,2,February,5,1,Thursday,False
33,2024-02-02 04:01:10,20240202,2024,1,2,February,5,2,Friday,False
34,2024-02-03 04:01:10,20240203,2024,1,2,February,5,3,Saturday,True
35,2024-02-04 04:01:10,20240204,2024,1,2,February,5,4,Sunday,True
36,2024-02-05 04:01:10,20240205,2024,1,2,February,6,5,Monday,False
37,2024-02-06 04:01:10,20240206,2024,1,2,February,6,6,Tuesday,False
38,2024-02-07 04:01:10,20240207,2024,1,2,February,6,7,Wednesday,False
39,2024-02-08 04:01:10,20240208,2024,1,2,February,6,8,Thursday,False
40,2024-02-09 04:01:10,20240209,2024,1,2,February,6,9,Friday,False
41,2024-02-10 04:01:10,20240210,2024,1,2,February,6,10,Saturday,True
42,2024-02-11 04:01:10,20240211,2024,1,2,February,6,11,Sunday,True
43,2024-02-12 04:01:10,20240212,2024,1,2,February,7,12,Monday,False
44,2024-02-13 04:01:10,20240213,2024,1,2,February,7,13,Tuesday,False
45,2024-02-14 04:01:10,20240214,2024,1,2,February,7,14,Wednesday,False
46,2024-02-15 04:01:10,20240215,2024,1,2,February,7,15,Thursday,False
47,2024-02-16 04:01:10,20240216,2024,1,2,February,7,16,Friday,False
48,2024-02-17 04:01:10,20240217,2024,1,2,February,7,17,Saturday,True
49,2024-02-18 04:01:10,20240218,2024,1,2,February,7,18,Sunday,True
50,2024-02-19 04:01:10,20240219,2024,1,2,February,8,19,Monday,False
51,2024-02-20 04:01:10,20240220,2024,1,2,February,8,20,Tuesday,False
52,2024-02-21 04:01:10,20240221,2024,1,2,February,8,21,Wednesday,False
53,2024-02-22 04:01:10,20240222,2024,1,2,February,8,22,Thursday,False
54,2024-02-23 04:01:10,20240223,2024,1,2,February,8,23,Friday,False
55,2024-02-24 04:01:10,20240224,2024,1,2,February,8,24,Saturday,True
56,2024-02-25 04:01:10,20240225,2024,1,2,February,8,25,Sunday,True
57,2024-02-26 04:01:10,20240226,2024,1,2,February,9,26,Monday,False
58,2024-02-27 04:01:10,20240227,2024,1,2,February,9,27,Tuesday,False
59,2024-02-28 04:01:10,20240228,2024,1,2,February,9,28,Wednesday,False
60,2024-02-29 04:01:10,20240229,2024,1,2,February,9,29,Thursday,False
61,2024-03-01 04:01:10,20240301,2024,1,3,March,9,1,Friday,False
62,2024-03-02 04:01:10,20240302,2024,1,3,March,9,2,Saturday,True
63,2024-03-03 04:01:10,20240303,2024,1,3,March,9,3,Sunday,True
64,2024-03-04 04:01:10,20240304,2024,1,3,March,10,4,Monday,False
65,2024-03-05 04:01:10,20240305,2024,1,3,March,10,5,Tuesday,False
66,2024-03-06 04:01:10,20240306,2024,1,3,March,10,6,Wednesday,False
67,2024-03-07 04:01:10,20240307,2024,1,3,March,10,7,Thursday,False
68,2024-03-08 04:01:10,20240308,2024,1,3,March,10,8,Friday,False
69,2024-03-09 04:01:10,20240309,2024,1,3,March,10,9,Saturday,True
70,2024-03-10 04:01:10,20240310,2024,1,3,March,10,10,Sunday,True
71,2024-03-11 04:01:10,20240311,2024,1,3,March,11,11,Monday,False
72,2024-03-12 04:01:10,20240312,2024,1,3,March,11,12,Tuesday,False
73,2024-03-13 04:01:10,20240313,2024,1,3,March,11,13,Wednesday,False
74,2024-03-14 04:01:10,20240314,2024,1,3,March,11,14,Thursday,False
75,2024-03-15 04:01:10,20240315,2024,1,3,March,11,15,Friday,False
76,2024-03-16 04:01:10,20240316,2024,1,3,March,11,16,Saturday,True
77,2024-03-17 04:01:10,20240317,2024,1,3,March,11,17,Sunday,True
78,2024-03-18 04:01:10,20240318,2024,1,3,March,12,18,Monday,False
79,2024-03-19 04:01:10,20240319,2024,1,3,March,12,19,Tuesday,False
80,2024-03-20 04:01:10,20240320,2024,1,3,March,12,20,Wednesday,False
81,2024-03-21 04:01:10,20240321,2024,1,3,March,12,21,Thursday,False
82,2024-03-22 04:01:10,20240322,2024,1,3,March,12,22,Friday,False
83,2024-03-23 04:01:10,20240323,2024,1,3,March,12,23,Saturday,True
84,2024-03-24 04:01:10,20240324,2024,1,3,March,12,24,Sunday,True
85,2024-03-25 04:01:10,20240325,2024,1,3,March,13,25,Monday,False
86,2024-03-26 04:01:10,20240326,2024,1,3,March,13,26,Tuesday,False
87,2024-03-27 04:01:10,20240327,2024,1,3,March,13,27,Wednesday,False
88,2024-03-28 04:01:10,20240328,2024,1,3,March,13,28,Thursday,False
89,2024-03-29 04:01:10,20240329,2024,1,3,March,13,29,Friday,False
90,2024-03-30 04:01:10,20240330,2024,1,3,March,13,30,Saturday,True
91,2024-03-31 04:01:10,20240331,2024,1,3,March,13,31,Sunday,True
92,2024-04-01 04:01:10,20240401,2024,2,4,April,14,1,Monday,False
93,2024-04-02 04:01:10,20240402,2024,2,4,April,14,2,Tuesday,False
94,2024-04-03 04:01:10,20240403,2024,2,4,April,14,3,Wednesday,False
95,2024-04-04 04:01:10,20240404,2024,2,4,April,14,4,Thursday,False
96,2024-04-05 04:01:10,20240405,2024,2,4,April,14,5,Friday,False
97,2024-04-06 04:01:10,20240406,2024,2,4,April,14,6,Saturday,True
98,2024-04-07 04:01:10,20240407,2024,2,4,April,14,7,Sunday,True
99,2024-04-08 04:01:10,20240408,2024,2,4,April,15,8,Monday,False
100,2024-04-09 04:01:10,20240409,2024,2,4,April,15,9,Tuesday,False
101,2024-04-10 04:01:10,20240410,2024,2,4,April,15,10,Wednesday,False
102,2024-04-11 04:01:10,20240411,2024,2,4,April,15,11,Thursday,False
103,2024-04-12 04:01:10,20240412,2024,2,4,April,15,12,Friday,False
104,2024-04-13 04:01:10,20240413,2024,2,4,April,15,13,Saturday,True
105,2024-04-14 04:01:10,20240414,2024,2,4,April,15,14,Sunday,True
106,2024-04-15 04:01:10,20240415,2024,2,4,April,16,15,Monday,False
107,2024-04-16 04:01:10,20240416,2024,2,4,April,16,16,Tuesday,False
108,2024-04-17 04:01:10,20240417,2024,2,4,April,16,17,Wednesday,False
109,2024-04-18 04:01:10,20240418,2024,2,4,April,16,18,Thursday,False
110,2024-04-19 04:01:10,20240419,2024,2,4,April,16,19,Friday,False
111,2024-04-20 04:01:10,20240420,2024,2,4,April,16,20,Saturday,True
112,2024-04-21 04:01:10,20240421,2024,2,4,April,16,21,Sunday,True
113,2024-04-22 04:01:10,20240422,2024,2,4,April,17,22,Monday,False
114,2024-04-23 04:01:10,20240423,2024,2,4,April,17,23,Tuesday,False
115,2024-04-24 04:01:10,20240424,2024,2,4,April,17,24,Wednesday,False
116,2024-04-25 04:01:10,20240425,2024,2,4,April,17,25,Thursday,False
117,2024-04-26 04:01:10,20240426,2024,2,4,April,17,26,Friday,False
118,2024-04-27 04:01:10,20240427,2024,2,4,April,17,27,Saturday,True
119,2024-04-28 04:01:10,20240428,2024,2,4,April,17,28,Sunday,True
120,2024-04-29 04:01:10,20240429,2024,2,4,April,18,29,Monday,False
121,2024-04-30 04:01:10,20240430,2024,2,4,April,18,30,Tuesday,False
122,2024-05-01 04:01:10,20240501,2024,2,5,May,18,1,Wednesday,False
123,2024-05-02 04:01:10,20240502,2024,2,5,May,18,2,Thursday,False
124,2024-05-03 04:01:10,20240503,2024,2,5,May,18,3,Friday,False
125,2024-05-04 04:01:10,20240504,2024,2,5,May,18,4,Saturday,True
126,2024-05-05 04:01:10,20240505,2024,2,5,May,18,5,Sunday,True
127,2024-05-06 04:01:10,20240506,2024,2,5,May,19,6,Monday,False
128,2024-05-07 04:01:10,20240507,2024,2,5,May,19,7,Tuesday,False
129,2024-05-08 04:01:10,20240508,2024,2,5,May,19,8,Wednesday,False
130,2024-05-09 04:01:10,20240509,2024,2,5,May,19,9,Thursday,False
131,2024-05-10 04:01:10,20240510,2024,2,5,May,19,10,Friday,False
132,2024-05-11 04:01:10,20240511,2024,2,5,May,19,11,Saturday,True
133,2024-05-12 04:01:10,20240512,2024,2,5,May,19,12,Sunday,True
134,2024-05-13 04:01:10,20240513,2024,2,5,May,20,13,Monday,False
135,2024-05-14 04:01:10,20240514,2024,2,5,May,20,14,Tuesday,False
136,2024-05-15 04:01:10,20240515,2024,2,5,May,20,15,Wednesday,False
137,2024-05-16 04:01:10,20240516,2024,2,5,May,20,16,Thursday,False
138,2024-05-17 04:01:10,20240517,2024,2,5,May,20,17,Friday,False
139,2024-05-18 04:01:10,20240518,2024,2,5,May,20,18,Saturday,True
140,2024-05-19 04:01:10,20240519,2024,2,5,May,20,19,Sunday,True
141,2024-05-20 04:01:10,20240520,2024,2,5,May,21,20,Monday,False
142,2024-05-21 04:01:10,20240521,2024,2,5,May,21,21,Tuesday,False
143,2024-05-22 04:01:10,20240522,2024,2,5,May,21,22,Wednesday,False
144,2024-05-23 04:01:10,20240523,2024,2,5,May,21,23,Thursday,False
145,2024-05-24 04:01:10,20240524,2024,2,5,May,21,24,Friday,False
146,2024-05-25 04:01:10,20240525,2024,2,5,May,21,25,Saturday,True
147,2024-05-26 04:01:10,20240526,2024,2,5,May,21,26,Sunday,True
148,2024-05-27 04:01:10,20240527,2024,2,5,May,22,27,Monday,False
149,2024-05-28 04:01:10,20240528,2024,2,5,May,22,28,Tuesday,False
150,2024-05-29 04:01:10,20240529,2024,2,5,May,22,29,Wednesday,False
151,2024-05-30 04:01:10,20240530,2024,2,5,May,22,30,Thursday,False
152,2024-05-31 04:01:10,20240531,2024,2,5,May,22,31,Friday,False
153,2024-06-01 04:01:10,20240601,2024,2,6,June,22,1,Saturday,True
154,2024-06-02 04:01:10,20240602,2024,2,6,June,22,2,Sunday,True
155,2024-06-03 04:01:10,20240603,2024,2,6,June,23,3,Monday,False
156,2024-06-04 04:01:10,20240604,2024,2,6,June,23,4,Tuesday,False
157,2024-06-05 04:01:10,20240605,2024,2,6,June,23,5,Wednesday,False
158,2024-06-06 04:01:10,20240606,2024,2,6,June,23,6,Thursday,False
159,2024-06-07 04:01:10,20240607,2024,2,6,June,23,7,Friday,False
160,2024-06-08 04:01:10,20240608,2024,2,6,June,23,8,Saturday,True
161,2024-06-09 04:01:10,20240609,2024,2,6,June,23,9,Sunday,True
162,2024-06-10 04:01:10,20240610,2024,2,6,June,24,10,Monday,False
163,2024-06-11 04:01:10,20240611,2024,2,6,June,24,11,Tuesday,False
164,2024-06-12 04:01:10,20240612,2024,2,6,June,24,12,Wednesday,False
165,2024-06-13 04:01:10,20240613,2024,2,6,June,24,13,Thursday,False
166,2024-06-14 04:01:10,20240614,2024,2,6,June,24,14,Friday,False
167,2024-06-15 04:01:10,20240615,2024,2,6,June,24,15,Saturday,True
168,2024-06-16 04:01:10,20240616,2024,2,6,June,24,16,Sunday,True
169,2024-06-17 04:01:10,20240617,2024,2,6,June,25,17,Monday,False
170,2024-06-18 04:01:10,20240618,2024,2,6,June,25,18,Tuesday,False
171,2024-06-19 04:01:10,20240619,2024,2,6,June,25,19,Wednesday,False
172,2024-06-20 04:01:10,20240620,2024,2,6,June,25,20,Thursday,False
173,2024-06-21 04:01:10,20240621,2024,2,6,June,25,21,Friday,False
174,2024-06-22 04:01:10,20240622,2024,2,6,June,25,22,Saturday,True
175,2024-06-23 04:01:10,20240623,2024,2,6,June,25,23,Sunday,True
176,2024-06-24 04:01:10,20240624,2024,2,6,June,26,24,Monday,False
177,2024-06-25 04:01:10,20240625,2024,2,6,June,26,25,Tuesday,False
178,2024-06-26 04:01:10,20240626,2024,2,6,June,26,26,Wednesday,False
179,2024-06-27 04:01:10,20240627,2024,2,6,June,26,27,Thursday,False
180,2024-06-28 04:01:10,20240628,2024,2,6,June,26,28,Friday,False
181,2024-06-29 04:01:10,20240629,2024,2,6,June,26,29,Saturday,True
182,2024-06-30 04:01:10,20240630,2024,2,6,June,26,30,Sunday,True
183,2024-07-01 04:01:10,20240701,2024,3,7,July,27,1,Monday,False
184,2024-07-02 04:01:10,20240702,2024,3,7,July,27,2,Tuesday,False
185,2024-07-03 04:01:10,20240703,2024,3,7,July,27,3,Wednesday,False
186,2024-07-04 04:01:10,20240704,2024,3,7,July,27,4,Thursday,False
187,2024-07-05 04:01:10,20240705,2024,3,7,July,27,5,Friday,False
188,2024-07-06 04:01:10,20240706,2024,3,7,July,27,6,Saturday,True
189,2024-07-07 04:01:10,20240707,2024,3,7,July,27,7,Sunday,True
190,2024-07-08 04:01:10,20240708,2024,3,7,July,28,8,Monday,False
191,2024-07-09 04:01:10,20240709,2024,3,7,July,28,9,Tuesday,False
192,2024-07-10 04:01:10,20240710,2024,3,7,July,28,10,Wednesday,False
193,2024-07-11 04:01:10,20240711,2024,3,7,July,28,11,Thursday,False
194,2024-07-12 04:01:10,20240712,2024,3,7,July,28,12,Friday,False
195,2024-07-13 04:01:10,20240713,2024,3,7,July,28,13,Saturday,True
196,2024-07-14 04:01:10,20240714,2024,3,7,July,28,14,Sunday,True
197,2024-07-15 04:01:10,20240715,2024,3,7,July,29,15,Monday,False
198,2024-07-16 04:01:10,20240716,2024,3,7,July,29,16,Tuesday,False
199,2024-07-17 04:01:10,20240717,2024,3,7,July,29,17,Wednesday,False
200,2024-07-18 04:01:10,20240718,2024,3,7,July,29,18,Thursday,False
201,2024-07-19 04:01:10,20240719,2024,3,7,July,29,19,Friday,False
202,2024-07-20 04:01:10,20240720,2024,3,7,July,29,20,Saturday,True
203,2024-07-21 04:01:10,20240721,2024,3,7,July,29,21,Sunday,True
204,2024-07-22 04:01:10,20240722,2024,3,7,July,30,22,Monday,False
205,2024-07-23 04:01:10,20240723,2024,3,7,July,30,23,Tuesday,False
206,2024-07-24 04:01:10,20240724,2024,3,7,July,30,24,Wednesday,False
207,2024-07-25 04:01:10,20240725,2024,3,7,July,30,25,Thursday,False
208,2024-07-26 04:01:10,20240726,2024,3,7,July,30,26,Friday,False
209,2024-07-27 04:01:10,20240727,2024,3,7,July,30,27,Saturday,True
210,2024-07-28 04:01:10,20240728,2024,3,7,July,30,28,Sunday,True
211,2024-07-29 04:01:10,20240729,2024,3,7,July,31,29,Monday,False
212,2024-07-30 04:01:10,20240730,2024,3,7,July,31,30,Tuesday,False
213,2024-07-31 04:01:10,20240731,2024,3,7,July,31,31,Wednesday,False
214,2024-08-01 04:01:10,20240801,2024,3,8,August,31,1,Thursday,False
215,2024-08-02 04:01:10,20240802,2024,3,8,August,31,2,Friday,False
216,2024-08-03 04:01:10,20240803,2024,3,8,August,31,3,Saturday,True
217,2024-08-04 04:01:10,20240804,2024,3,8,August,31,4,Sunday,True
218,2024-08-05 04:01:10,20240805,2024,3,8,August,32,5,Monday,False
219,2024-08-06 04:01:10,20240806,2024,3,8,August,32,6,Tuesday,False
220,2024-08-07 04:01:10,20240807,2024,3,8,August,32,7,Wednesday,False
221,2024-08-08 04:01:10,20240808,2024,3,8,August,32,8,Thursday,False
222,2024-08-09 04:01:10,20240809,2024,3,8,August,32,9,Friday,False
223,2024-08-10 04:01:10,20240810,2024,3,8,August,32,10,Saturday,True
224,2024-08-11 04:01:10,20240811,2024,3,8,August,32,11,Sunday,True
225,2024-08-12 04:01:10,20240812,2024,3,8,August,33,12,Monday,False
226,2024-08-13 04:01:10,20240813,2024,3,8,August,33,13,Tuesday,False
227,2024-08-14 04:01:10,20240814,2024,3,8,August,33,14,Wednesday,False
228,2024-08-15 04:01:10,20240815,2024,3,8,August,33,15,Thursday,False
229,2024-08-16 04:01:10,20240816,2024,3,8,August,33,16,Friday,False
230,2024-08-17 04:01:10,20240817,2024,3,8,August,33,17,Saturday,True
231,2024-08-18 04:01:10,20240818,2024,3,8,August,33,18,Sunday,True
232,2024-08-19 04:01:10,20240819,2024,3,8,August,34,19,Monday,False
233,2024-08-20 04:01:10,20240820,2024,3,8,August,34,20,Tuesday,False
234,2024-08-21 04:01:10,20240821,2024,3,8,August,34,21,Wednesday,False
235,2024-08-22 04:01:10,20240822,2024,3,8,August,34,22,Thursday,False
236,2024-08-23 04:01:10,20240823,2024,3,8,August,34,23,Friday,False
237,2024-08-24 04:01:10,20240824,2024,3,8,August,34,24,Saturday,True
238,2024-08-25 04:01:10,20240825,2024,3,8,August,34,25,Sunday,True
239,2024-08-26 04:01:10,20240826,2024,3,8,August,35,26,Monday,False
240,2024-08-27 04:01:10,20240827,2024,3,8,August,35,27,Tuesday,False
241,2024-08-28 04:01:10,20240828,2024,3,8,August,35,28,Wednesday,False
242,2024-08-29 04:01:10,20240829,2024,3,8,August,35,29,Thursday,False
243,2024-08-30 04:01:10,20240830,2024,3,8,August,35,30,Friday,False
244,2024-08-31 04:01:10,20240831,2024,3,8,August,35,31,Saturday,True
245,2024-09-01 04:01:10,20240901,2024,3,9,September,35,1,Sunday,True
246,2024-09-02 04:01:10,20240902,2024,3,9,September,36,2,Monday,False
247,2024-09-03 04:01:10,20240903,2024,3,9,September,36,3,Tuesday,False
248,2024-09-04 04:01:10,20240904,2024,3,9,September,36,4,Wednesday,False
249,2024-09-05 04:01:10,20240905,2024,3,9,September,36,5,Thursday,False
250,2024-09-06 04:01:10,20240906,2024,3,9,September,36,6,Friday,False
251,2024-09-07 04:01:10,20240907,2024,3,9,September,36,7,Saturday,True
252,2024-09-08 04:01:10,20240908,2024,3,9,September,36,8,Sunday,True
253,2024-09-09 04:01:10,20240909,2024,3,9,September,37,9,Monday,False
254,2024-09-10 04:01:10,20240910,2024,3,9,September,37,10,Tuesday,False
255,2024-09-11 04:01:10,20240911,2024,3,9,September,37,11,Wednesday,False
256,2024-09-12 04:01:10,20240912,2024,3,9,September,37,12,Thursday,False
257,2024-09-13 04:01:10,20240913,2024,3,9,September,37,13,Friday,False
258,2024-09-14 04:01:10,20240914,2024,3,9,September,37,14,Saturday,True
259,2024-09-15 04:01:10,20240915,2024,3,9,September,37,15,Sunday,True
260,2024-09-16 04:01:10,20240916,2024,3,9,September,38,16,Monday,False
261,2024-09-17 04:01:10,20240917,2024,3,9,September,38,17,Tuesday,False
262,2024-09-18 04:01:10,20240918,2024,3,9,September,38,18,Wednesday,False
263,2024-09-19 04:01:10,20240919,2024,3,9,September,38,19,Thursday,False
264,2024-09-20 04:01:10,20240920,2024,3,9,September,38,20,Friday,False
265,2024-09-21 04:01:10,20240921,2024,3,9,September,38,21,Saturday,True
266,2024-09-22 04:01:10,20240922,2024,3,9,September,38,22,Sunday,True
267,2024-09-23 04:01:10,20240923,2024,3,9,September,39,23,Monday,False
268,2024-09-24 04:01:10,20240924,2024,3,9,September,39,24,Tuesday,False
269,2024-09-25 04:01:10,20240925,2024,3,9,September,39,25,Wednesday,False
270,2024-09-26 04:01:10,20240926,2024,3,9,September,39,26,Thursday,False
271,2024-09-27 04:01:10,20240927,2024,3,9,September,39,27,Friday,False
272,2024-09-28 04:01:10,20240928,2024,3,9,September,39,28,Saturday,True
273,2024-09-29 04:01:10,20240929,2024,3,9,September,39,29,Sunday,True
274,2024-09-30 04:01:10,20240930,2024,3,9,September,40,30,Monday,False
275,2024-10-01 04:01:10,20241001,2024,4,10,October,40,1,Tuesday,False
276,2024-10-02 04:01:10,20241002,2024,4,10,October,40,2,Wednesday,False
277,2024-10-03 04:01:10,20241003,2024,4,10,October,40,3,Thursday,False
278,2024-10-04 04:01:10,20241004,2024,4,10,October,40,4,Friday,False
279,2024-10-05 04:01:10,20241005,2024,4,10,October,40,5,Saturday,True
280,2024-10-06 04:01:10,20241006,2024,4,10,October,40,6,Sunday,True
281,2024-10-07 04:01:10,20241007,2024,4,10,October,41,7,Monday,False
282,2024-10-08 04:01:10,20241008,2024,4,10,October,41,8,Tuesday,False
283,2024-10-09 04:01:10,20241009,2024,4,10,October,41,9,Wednesday,False
284,2024-10-10 04:01:10,20241010,2024,4,10,October,41,10,Thursday,False
285,2024-10-11 04:01:10,20241011,2024,4,10,October,41,11,Friday,False
286,2024-10-12 04:01:10,20241012,2024,4,10,October,41,12,Saturday,True
287,2024-10-13 04:01:10,20241013,2024,4,10,October,41,13,Sunday,True
288,2024-10-14 04:01:10,20241014,2024,4,10,October,42,14,Monday,False
289,2024-10-15 04:01:10,20241015,2024,4,10,October,42,15,Tuesday,False
290,2024-10-16 04:01:10,20241016,2024,4,10,October,42,16,Wednesday,False
291,2024-10-17 04:01:10,20241017,2024,4,10,October,42,17,Thursday,False
292,2024-10-18 04:01:10,20241018,2024,4,10,October,42,18,Friday,False
293,2024-10-19 04:01:10,20241019,2024,4,10,October,42,19,Saturday,True
294,2024-10-20 04:01:10,20241020,2024,4,10,October,42,20,Sunday,True
295,2024-10-21 04:01:10,20241021,2024,4,10,October,43,21,Monday,False
296,2024-10-22 04:01:10,20241022,2024,4,10,October,43,22,Tuesday,False
297,2024-10-23 04:01:10,20241023,2024,4,10,October,43,23,Wednesday,False
298,2024-10-24 04:01:10,20241024,2024,4,10,October,43,24,Thursday,False
299,2024-10-25 04:01:10,20241025,2024,4,10,October,43,25,Friday,False
300,2024-10-26 04:01:10,20241026,2024,4,10,October,43,26,Saturday,True
301,2024-10-27 04:01:10,20241027,2024,4,10,October,43,27,Sunday,True
302,2024-10-28 04:01:10,20241028,2024,4,10,October,44,28,Monday,False
303,2024-10-29 04:01:10,20241029,2024,4,10,October,44,29,Tuesday,False
304,2024-10-30 04:01:10,20241030,2024,4,10,October,44,30,Wednesday,False
305,2024-10-31 04:01:10,20241031,2024,4,10,October,44,31,Thursday,False
306,2024-11-01 04:01:10,20241101,2024,4,11,November,44,1,Friday,False
307,2024-11-02 04:01:10,20241102,2024,4,11,November,44,2,Saturday,True
308,2024-11-03 04:01:10,20241103,2024,4,11,November,44,3,Sunday,True
309,2024-11-04 04:01:10,20241104,2024,4,11,November,45,4,Monday,False
310,2024-11-05 04:01:10,20241105,2024,4,11,November,45,5,Tuesday,False
311,2024-11-06 04:01:10,20241106,2024,4,11,November,45,6,Wednesday,False
312,2024-11-07 04:01:10,20241107,2024,4,11,November,45,7,Thursday,False
313,2024-11-08 04:01:10,20241108,2024,4,11,November,45,8,Friday,False
314,2024-11-09 04:01:10,20241109,2024,4,11,November,45,9,Saturday,True
315,2024-11-10 04:01:10,20241110,2024,4,11,November,45,10,Sunday,True
316,2024-11-11 04:01:10,20241111,2024,4,11,November,46,11,Monday,False
317,2024-11-12 04:01:10,20241112,2024,4,11,November,46,12,Tuesday,False
318,2024-11-13 04:01:10,20241113,2024,4,11,November,46,13,Wednesday,False
319,2024-11-14 04:01:10,20241114,2024,4,11,November,46,14,Thursday,False
320,2024-11-15 04:01:10,20241115,2024,4,11,November,46,15,Friday,False
321,2024-11-16 04:01:10,20241116,2024,4,11,November,46,16,Saturday,True
322,2024-11-17 04:01:10,20241117,2024,4,11,November,46,17,Sunday,True
323,2024-11-18 04:01:10,20241118,2024,4,11,November,47,18,Monday,False
324,2024-11-19 04:01:10,20241119,2024,4,11,November,47,19,Tuesday,False
325,2024-11-20 04:01:10,20241120,2024,4,11,November,47,20,Wednesday,False
326,2024-11-21 04:01:10,20241121,2024,4,11,November,47,21,Thursday,False
327,2024-11-22 04:01:10,20241122,2024,4,11,November,47,22,Friday,False
328,2024-11-23 04:01:10,20241123,2024,4,11,November,47,23,Saturday,True
329,2024-11-24 04:01:10,20241124,2024,4,11,November,47,24,Sunday,True
330,2024-11-25 04:01:10,20241125,2024,4,11,November,48,25,Monday,False
331,2024-11-26 04:01:10,20241126,2024,4,11,November,48,26,Tuesday,False
332,2024-11-27 04:01:10,20241127,2024,4,11,November,48,27,Wednesday,False
333,2024-11-28 04:01:10,20241128,2024,4,11,November,48,28,Thursday,False
334,2024-11-29 04:01:10,20241129,2024,4,11,November,48,29,Friday,False
335,2024-11-30 04:01:10,20241130,2024,4,11,November,48,30,Saturday,True
336,2024-12-01 04:01:10,20241201,2024,4,12,December,48,1,Sunday,True
337,2024-12-02 04:01:10,20241202,2024,4,12,December,49,2,Monday,False
338,2024-12-03 04:01:10,20241203,2024,4,12,December,49,3,Tuesday,False
339,2024-12-04 04:01:10,20241204,2024,4,12,December,49,4,Wednesday,False
340,2024-12-05 04:01:10,20241205,2024,4,12,December,49,5,Thursday,False
341,2024-12-06 04:01:10,20241206,2024,4,12,December,49,6,Friday,False
342,2024-12-07 04:01:10,20241207,2024,4,12,December,49,7,Saturday,True
343,2024-12-08 04:01:10,20241208,2024,4,12,December,49,8,Sunday,True
344,2024-12-09 04:01:10,20241209,2024,4,12,December,50,9,Monday,False
345,2024-12-10 04:01:10,20241210,2024,4,12,December,50,10,Tuesday,False
346,2024-12-11 04:01:10,20241211,2024,4,12,December,50,11,Wednesday,False
347,2024-12-12 04:01:10,20241212,2024,4,12,December,50,12,Thursday,False
348,2024-12-13 04:01:10,20241213,2024,4,12,December,50,13,Friday,False
349,2024-12-14 04:01:10,20241214,2024,4,12,December,50,14,Saturday,True
350,2024-12-15 04:01:10,20241215,2024,4,12,December,50,15,Sunday,True
351,2024-12-16 04:01:10,20241216,2024,4,12,December,51,16,Monday,False
352,2024-12-17 04:01:10,20241217,2024,4,12,December,51,17,Tuesday,False
353,2024-12-18 04:01:10,20241218,2024,4,12,December,51,18,Wednesday,False
354,2024-12-19 04:01:10,20241219,2024,4,12,December,51,19,Thursday,False
355,2024-12-20 04:01:10,20241220,2024,4,12,December,51,20,Friday,False
356,2024-12-21 04:01:10,20241221,2024,4,12,December,51,21,Saturday,True
357,2024-12-22 04:01:10,20241222,2024,4,12,December,51,22,Sunday,True
358,2024-12-23 04:01:10,20241223,2024,4,12,December,52,23,Monday,False
359,2024-12-24 04:01:10,20241224,2024,4,12,December,52,24,Tuesday,False
360,2024-12-25 04:01:10,20241225,2024,4,12,December,52,25,Wednesday,False
361,2024-12-26 04:01:10,20241226,2024,4,12,December,52,26,Thursday,False
362,2024-12-27 04:01:10,20241227,2024,4,12,December,52,27,Friday,False
363,2024-12-28 04:01:10,20241228,2024,4,12,December,52,28,Saturday,True
364,2024-12-29 04:01:10,20241229,2024,4,12,December,52,29,Sunday,True
365,2024-12-30 04:01:10,20241230,2024,4,12,December,1,30,Monday,False
366,2024-12-31 04:01:10,20241231,2024,4,12,December,1,31,Tuesday,False
367,2025-01-01 04:01:10,20250101,2025,1,1,January,1,1,Wednesday,False
368,2025-01-02 04:01:10,20250102,2025,1,1,January,1,2,Thursday,False
369,2025-01-03 04:01:10,20250103,2025,1,1,January,1,3,Friday,False
370,2025-01-04 04:01:10,20250104,2025,1,1,January,1,4,Saturday,True
371,2025-01-05 04:01:10,20250105,2025,1,1,January,1,5,Sunday,True
372,2025-01-06 04:01:10,20250106,2025,1,1,January,2,6,Monday,False
373,2025-01-07 04:01:10,20250107,2025,1,1,January,2,7,Tuesday,False
374,2025-01-08 04:01:10,20250108,2025,1,1,January,2,8,Wednesday,False
375,2025-01-09 04:01:10,20250109,2025,1,1,January,2,9,Thursday,False
376,2025-01-10 04:01:10,20250110,2025,1,1,January,2,10,Friday,False
377,2025-01-11 04:01:10,20250111,2025,1,1,January,2,11,Saturday,True
378,2025-01-12 04:01:10,20250112,2025,1,1,January,2,12,Sunday,True
379,2025-01-13 04:01:10,20250113,2025,1,1,January,3,13,Monday,False
380,2025-01-14 04:01:10,20250114,2025,1,1,January,3,14,Tuesday,False
381,2025-01-15 04:01:10,20250115,2025,1,1,January,3,15,Wednesday,False
382,2025-01-16 04:01:10,20250116,2025,1,1,January,3,16,Thursday,False
383,2025-01-17 04:01:10,20250117,2025,1,1,January,3,17,Friday,False
384,2025-01-18 04:01:10,20250118,2025,1,1,January,3,18,Saturday,True
385,2025-01-19 04:01:10,20250119,2025,1,1,January,3,19,Sunday,True
386,2025-01-20 04:01:10,20250120,2025,1,1,January,4,20,Monday,False
387,2025-01-21 04:01:10,20250121,2025,1,1,January,4,21,Tuesday,False
388,2025-01-22 04:01:10,20250122,2025,1,1,January,4,22,Wednesday,False
389,2025-01-23 04:01:10,20250123,2025,1,1,January,4,23,Thursday,False
390,2025-01-24 04:01:10,20250124,2025,1,1,January,4,24,Friday,False
391,2025-01-25 04:01:10,20250125,2025,1,1,January,4,25,Saturday,True
392,2025-01-26 04:01:10,20250126,2025,1,1,January,4,26,Sunday,True
393,2025-01-27 04:01:10,20250127,2025,1,1,January,5,27,Monday,False
394,2025-01-28 04:01:10,20250128,2025,1,1,January,5,28,Tuesday,False
395,2025-01-29 04:01:10,20250129,2025,1,1,January,5,29,Wednesday,False
396,2025-01-30 04:01:10,20250130,2025,1,1,January,5,30,Thursday,False
397,2025-01-31 04:01:10,20250131,2025,1,1,January,5,31,Friday,False
398,2025-02-01 04:01:10,20250201,2025,1,2,February,5,1,Saturday,True
399,2025-02-02 04:01:10,20250202,2025,1,2,February,5,2,Sunday,True
400,2025-02-03 04:01:10,20250203,2025,1,2,February,6,3,Monday,False
401,2025-02-04 04:01:10,20250204,2025,1,2,February,6,4,Tuesday,False
402,2025-02-05 04:01:10,20250205,2025,1,2,February,6,5,Wednesday,False
403,2025-02-06 04:01:10,20250206,2025,1,2,February,6,6,Thursday,False
404,2025-02-07 04:01:10,20250207,2025,1,2,February,6,7,Friday,False
405,2025-02-08 04:01:10,20250208,2025,1,2,February,6,8,Saturday,True
406,2025-02-09 04:01:10,20250209,2025,1,2,February,6,9,Sunday,True
407,2025-02-10 04:01:10,20250210,2025,1,2,February,7,10,Monday,False
408,2025-02-11 04:01:10,20250211,2025,1,2,February,7,11,Tuesday,False
409,2025-02-12 04:01:10,20250212,2025,1,2,February,7,12,Wednesday,False
410,2025-02-13 04:01:10,20250213,2025,1,2,February,7,13,Thursday,False
411,2025-02-14 04:01:10,20250214,2025,1,2,February,7,14,Friday,False
412,2025-02-15 04:01:10,20250215,2025,1,2,February,7,15,Saturday,True
413,2025-02-16 04:01:10,20250216,2025,1,2,February,7,16,Sunday,True
414,2025-02-17 04:01:10,20250217,2025,1,2,February,8,17,Monday,False
415,2025-02-18 04:01:10,20250218,2025,1,2,February,8,18,Tuesday,False
416,2025-02-19 04:01:10,20250219,2025,1,2,February,8,19,Wednesday,False
417,2025-02-20 04:01:10,20250220,2025,1,2,February,8,20,Thursday,False
418,2025-02-21 04:01:10,20250221,2025,1,2,February,8,21,Friday,False
419,2025-02-22 04:01:10,20250222,2025,1,2,February,8,22,Saturday,True
420,2025-02-23 04:01:10,20250223,2025,1,2,February,8,23,Sunday,True
421,2025-02-24 04:01:10,20250224,2025,1,2,February,9,24,Monday,False
422,2025-02-25 04:01:10,20250225,2025,1,2,February,9,25,Tuesday,False
423,2025-02-26 04:01:10,20250226,2025,1,2,February,9,26,Wednesday,False
424,2025-02-27 04:01:10,20250227,2025,1,2,February,9,27,Thursday,False
425,2025-02-28 04:01:10,20250228,2025,1,2,February,9,28,Friday,False
426,2025-03-01 04:01:10,20250301,2025,1,3,March,9,1,Saturday,True
427,2025-03-02 04:01:10,20250302,2025,1,3,March,9,2,Sunday,True
428,2025-03-03 04:01:10,20250303,2025,1,3,March,10,3,Monday,False
429,2025-03-04 04:01:10,20250304,2025,1,3,March,10,4,Tuesday,False
430,2025-03-05 04:01:10,20250305,2025,1,3,March,10,5,Wednesday,False
431,2025-03-06 04:01:10,20250306,2025,1,3,March,10,6,Thursday,False
432,2025-03-07 04:01:10,20250307,2025,1,3,March,10,7,Friday,False
433,2025-03-08 04:01:10,20250308,2025,1,3,March,10,8,Saturday,True
434,2025-03-09 04:01:10,20250309,2025,1,3,March,10,9,Sunday,True
435,2025-03-10 04:01:10,20250310,2025,1,3,March,11,10,Monday,False
436,2025-03-11 04:01:10,20250311,2025,1,3,March,11,11,Tuesday,False
437,2025-03-12 04:01:10,20250312,2025,1,3,March,11,12,Wednesday,False
438,2025-03-13 04:01:10,20250313,2025,1,3,March,11,13,Thursday,False
439,2025-03-14 04:01:10,20250314,2025,1,3,March,11,14,Friday,False
440,2025-03-15 04:01:10,20250315,2025,1,3,March,11,15,Saturday,True
441,2025-03-16 04:01:10,20250316,2025,1,3,March,11,16,Sunday,True
442,2025-03-17 04:01:10,20250317,2025,1,3,March,12,17,Monday,False
443,2025-03-18 04:01:10,20250318,2025,1,3,March,12,18,Tuesday,False
444,2025-03-19 04:01:10,20250319,2025,1,3,March,12,19,Wednesday,False
445,2025-03-20 04:01:10,20250320,2025,1,3,March,12,20,Thursday,False
446,2025-03-21 04:01:10,20250321,2025,1,3,March,12,21,Friday,False
447,2025-03-22 04:01:10,20250322,2025,1,3,March,12,22,Saturday,True
448,2025-03-23 04:01:10,20250323,2025,1,3,March,12,23,Sunday,True
449,2025-03-24 04:01:10,20250324,2025,1,3,March,13,24,Monday,False
450,2025-03-25 04:01:10,20250325,2025,1,3,March,13,25,Tuesday,False
451,2025-03-26 04:01:10,20250326,2025,1,3,March,13,26,Wednesday,False
452,2025-03-27 04:01:10,20250327,2025,1,3,March,13,27,Thursday,False
453,2025-03-28 04:01:10,20250328,2025,1,3,March,13,28,Friday,False
454,2025-03-29 04:01:10,20250329,2025,1,3,March,13,29,Saturday,True
455,2025-03-30 04:01:10,20250330,2025,1,3,March,13,30,Sunday,True
456,2025-03-31 04:01:10,20250331,2025,1,3,March,14,31,Monday,False
457,2025-04-01 04:01:10,20250401,2025,2,4,April,14,1,Tuesday,False
458,2025-04-02 04:01:10,20250402,2025,2,4,April,14,2,Wednesday,False
459,2025-04-03 04:01:10,20250403,2025,2,4,April,14,3,Thursday,False
460,2025-04-04 04:01:10,20250404,2025,2,4,April,14,4,Friday,False
461,2025-04-05 04:01:10,20250405,2025,2,4,April,14,5,Saturday,True
462,2025-04-06 04:01:10,20250406,2025,2,4,April,14,6,Sunday,True
463,2025-04-07 04:01:10,20250407,2025,2,4,April,15,7,Monday,False
464,2025-04-08 04:01:10,20250408,2025,2,4,April,15,8,Tuesday,False
465,2025-04-09 04:01:10,20250409,2025,2,4,April,15,9,Wednesday,False
466,2025-04-10 04:01:10,20250410,2025,2,4,April,15,10,Thursday,False
467,2025-04-11 04:01:10,20250411,2025,2,4,April,15,11,Friday,False
468,2025-04-12 04:01:10,20250412,2025,2,4,April,15,12,Saturday,True
469,2025-04-13 04:01:10,20250413,2025,2,4,April,15,13,Sunday,True
470,2025-04-14 04:01:10,20250414,2025,2,4,April,16,14,Monday,False
471,2025-04-15 04:01:10,20250415,2025,2,4,April,16,15,Tuesday,False
472,2025-04-16 04:01:10,20250416,2025,2,4,April,16,16,Wednesday,False
473,2025-04-17 04:01:10,20250417,2025,2,4,April,16,17,Thursday,False
474,2025-04-18 04:01:10,20250418,2025,2,4,April,16,18,Friday,False
475,2025-04-19 04:01:10,20250419,2025,2,4,April,16,19,Saturday,True
476,2025-04-20 04:01:10,20250420,2025,2,4,April,16,20,Sunday,True
477,2025-04-21 04:01:10,20250421,2025,2,4,April,17,21,Monday,False
478,2025-04-22 04:01:10,20250422,2025,2,4,April,17,22,Tuesday,False
479,2025-04-23 04:01:10,20250423,2025,2,4,April,17,23,Wednesday,False
480,2025-04-24 04:01:10,20250424,2025,2,4,April,17,24,Thursday,False
481,2025-04-25 04:01:10,20250425,2025,2,4,April,17,25,Friday,False
482,2025-04-26 04:01:10,20250426,2025,2,4,April,17,26,Saturday,True
483,2025-04-27 04:01:10,20250427,2025,2,4,April,17,27,Sunday,True
484,2025-04-28 04:01:10,20250428,2025,2,4,April,18,28,Monday,False
485,2025-04-29 04:01:10,20250429,2025,2,4,April,18,29,Tuesday,False
486,2025-04-30 04:01:10,20250430,2025,2,4,April,18,30,Wednesday,False
487,2025-05-01 04:01:10,20250501,2025,2,5,May,18,1,Thursday,False
488,2025-05-02 04:01:10,20250502,2025,2,5,May,18,2,Friday,False
489,2025-05-03 04:01:10,20250503,2025,2,5,May,18,3,Saturday,True
490,2025-05-04 04:01:10,20250504,2025,2,5,May,18,4,Sunday,True
491,2025-05-05 04:01:10,20250505,2025,2,5,May,19,5,Monday,False
492,2025-05-06 04:01:10,20250506,2025,2,5,May,19,6,Tuesday,False
493,2025-05-07 04:01:10,20250507,2025,2,5,May,19,7,Wednesday,False
494,2025-05-08 04:01:10,20250508,2025,2,5,May,19,8,Thursday,False
495,2025-05-09 04:01:10,20250509,2025,2,5,May,19,9,Friday,False
496,2025-05-10 04:01:10,20250510,2025,2,5,May,19,10,Saturday,True
497,2025-05-11 04:01:10,20250511,2025,2,5,May,19,11,Sunday,True
498,2025-05-12 04:01:10,20250512,2025,2,5,May,20,12,Monday,False
499,2025-05-13 04:01:10,20250513,2025,2,5,May,20,13,Tuesday,False
500,2025-05-14 04:01:10,20250514,2025,2,5,May,20,14,Wednesday,False
501,2025-05-15 04:01:10,20250515,2025,2,5,May,20,15,Thursday,False
502,2025-05-16 04:01:10,20250516,2025,2,5,May,20,16,Friday,False
503,2025-05-17 04:01:10,20250517,2025,2,5,May,20,17,Saturday,True
504,2025-05-18 04:01:10,20250518,2025,2,5,May,20,18,Sunday,True
505,2025-05-19 04:01:10,20250519,2025,2,5,May,21,19,Monday,False
506,2025-05-20 04:01:10,20250520,2025,2,5,May,21,20,Tuesday,False
507,2025-05-21 04:01:10,20250521,2025,2,5,May,21,21,Wednesday,False
508,2025-05-22 04:01:10,20250522,2025,2,5,May,21,22,Thursday,False
509,2025-05-23 04:01:10,20250523,2025,2,5,May,21,23,Friday,False
510,2025-05-24 04:01:10,20250524,2025,2,5,May,21,24,Saturday,True
511,2025-05-25 04:01:10,20250525,2025,2,5,May,21,25,Sunday,True
512,2025-05-26 04:01:10,20250526,2025,2,5,May,22,26,Monday,False
513,2025-05-27 04:01:10,20250527,2025,2,5,May,22,27,Tuesday,False
514,2025-05-28 04:01:10,20250528,2025,2,5,May,22,28,Wednesday,False
515,2025-05-29 04:01:10,20250529,2025,2,5,May,22,29,Thursday,False
516,2025-05-30 04:01:10,20250530,2025,2,5,May,22,30,Friday,False
517,2025-05-31 04:01:10,20250531,2025,2,5,May,22,31,Saturday,True
518,2025-06-01 04:01:10,20250601,2025,2,6,June,22,1,Sunday,True
519,2025-06-02 04:01:10,20250602,2025,2,6,June,23,2,Monday,False
520,2025-06-03 04:01:10,20250603,2025,2,6,June,23,3,Tuesday,False
521,2025-06-04 04:01:10,20250604,2025,2,6,June,23,4,Wednesday,False
522,2025-06-05 04:01:10,20250605,2025,2,6,June,23,5,Thursday,False
523,2025-06-06 04:01:10,20250606,2025,2,6,June,23,6,Friday,False
524,2025-06-07 04:01:10,20250607,2025,2,6,June,23,7,Saturday,True
525,2025-06-08 04:01:10,20250608,2025,2,6,June,23,8,Sunday,True
526,2025-06-09 04:01:10,20250609,2025,2,6,June,24,9,Monday,False
527,2025-06-10 04:01:10,20250610,2025,2,6,June,24,10,Tuesday,False
528,2025-06-11 04:01:10,20250611,2025,2,6,June,24,11,Wednesday,False
529,2025-06-12 04:01:10,20250612,2025,2,6,June,24,12,Thursday,False
530,2025-06-13 04:01:10,20250613,2025,2,6,June,24,13,Friday,False
531,2025-06-14 04:01:10,20250614,2025,2,6,June,24,14,Saturday,True
532,2025-06-15 04:01:10,20250615,2025,2,6,June,24,15,Sunday,True
533,2025-06-16 04:01:10,20250616,2025,2,6,June,25,16,Monday,False
534,2025-06-17 04:01:10,20250617,2025,2,6,June,25,17,Tuesday,False
535,2025-06-18 04:01:10,20250618,2025,2,6,June,25,18,Wednesday,False
536,2025-06-19 04:01:10,20250619,2025,2,6,June,25,19,Thursday,False
537,2025-06-20 04:01:10,20250620,2025,2,6,June,25,20,Friday,False
538,2025-06-21 04:01:10,20250621,2025,2,6,June,25,21,Saturday,True
539,2025-06-22 04:01:10,20250622,2025,2,6,June,25,22,Sunday,True
540,2025-06-23 04:01:10,20250623,2025,2,6,June,26,23,Monday,False
541,2025-06-24 04:01:10,20250624,2025,2,6,June,26,24,Tuesday,False
542,2025-06-25 04:01:10,20250625,2025,2,6,June,26,25,Wednesday,False
543,2025-06-26 04:01:10,20250626,2025,2,6,June,26,26,Thursday,False
544,2025-06-27 04:01:10,20250627,2025,2,6,June,26,27,Friday,False
545,2025-06-28 04:01:10,20250628,2025,2,6,June,26,28,Saturday,True
546,2025-06-29 04:01:10,20250629,2025,2,6,June,26,29,Sunday,True
547,2025-06-30 04:01:10,20250630,2025,2,6,June,27,30,Monday,False
548,2025-07-01 04:01:10,20250701,2025,3,7,July,27,1,Tuesday,False
549,2025-07-02 04:01:10,20250702,2025,3,7,July,27,2,Wednesday,False
550,2025-07-03 04:01:10,20250703,2025,3,7,July,27,3,Thursday,False
551,2025-07-04 04:01:10,20250704,2025,3,7,July,27,4,Friday,False
552,2025-07-05 04:01:10,20250705,2025,3,7,July,27,5,Saturday,True
553,2025-07-06 04:01:10,20250706,2025,3,7,July,27,6,Sunday,True
554,2025-07-07 04:01:10,20250707,2025,3,7,July,28,7,Monday,False
555,2025-07-08 04:01:10,20250708,2025,3,7,July,28,8,Tuesday,False
556,2025-07-09 04:01:10,20250709,2025,3,7,July,28,9,Wednesday,False
557,2025-07-10 04:01:10,20250710,2025,3,7,July,28,10,Thursday,False
558,2025-07-11 04:01:10,20250711,2025,3,7,July,28,11,Friday,False
559,2025-07-12 04:01:10,20250712,2025,3,7,July,28,12,Saturday,True
560,2025-07-13 04:01:10,20250713,2025,3,7,July,28,13,Sunday,True
561,2025-07-14 04:01:10,20250714,2025,3,7,July,29,14,Monday,False
562,2025-07-15 04:01:10,20250715,2025,3,7,July,29,15,Tuesday,False
563,2025-07-16 04:01:10,20250716,2025,3,7,July,29,16,Wednesday,False
564,2025-07-17 04:01:10,20250717,2025,3,7,July,29,17,Thursday,False
565,2025-07-18 04:01:10,20250718,2025,3,7,July,29,18,Friday,False
566,2025-07-19 04:01:10,20250719,2025,3,7,July,29,19,Saturday,True
567,2025-07-20 04:01:10,20250720,2025,3,7,July,29,20,Sunday,True
568,2025-07-21 04:01:10,20250721,2025,3,7,July,30,21,Monday,False
569,2025-07-22 04:01:10,20250722,2025,3,7,July,30,22,Tuesday,False
570,2025-07-23 04:01:10,20250723,2025,3,7,July,30,23,Wednesday,False
571,2025-07-24 04:01:10,20250724,2025,3,7,July,30,24,Thursday,False
572,2025-07-25 04:01:10,20250725,2025,3,7,July,30,25,Friday,False
573,2025-07-26 04:01:10,20250726,2025,3,7,July,30,26,Saturday,True
574,2025-07-27 04:01:10,20250727,2025,3,7,July,30,27,Sunday,True
575,2025-07-28 04:01:10,20250728,2025,3,7,July,31,28,Monday,False
576,2025-07-29 04:01:10,20250729,2025,3,7,July,31,29,Tuesday,False
577,2025-07-30 04:01:10,20250730,2025,3,7,July,31,30,Wednesday,False
578,2025-07-31 04:01:10,20250731,2025,3,7,July,31,31,Thursday,False
579,2025-08-01 04:01:10,20250801,2025,3,8,August,31,1,Friday,False
580,2025-08-02 04:01:10,20250802,2025,3,8,August,31,2,Saturday,True
581,2025-08-03 04:01:10,20250803,2025,3,8,August,31,3,Sunday,True
582,2025-08-04 04:01:10,20250804,2025,3,8,August,32,4,Monday,False
583,2025-08-05 04:01:10,20250805,2025,3,8,August,32,5,Tuesday,False
584,2025-08-06 04:01:10,20250806,2025,3,8,August,32,6,Wednesday,False
585,2025-08-07 04:01:10,20250807,2025,3,8,August,32,7,Thursday,False
586,2025-08-08 04:01:10,20250808,2025,3,8,August,32,8,Friday,False
587,2025-08-09 04:01:10,20250809,2025,3,8,August,32,9,Saturday,True
588,2025-08-10 04:01:10,20250810,2025,3,8,August,32,10,Sunday,True
589,2025-08-11 04:01:10,20250811,2025,3,8,August,33,11,Monday,False
590,2025-08-12 04:01:10,20250812,2025,3,8,August,33,12,Tuesday,False
591,2025-08-13 04:01:10,20250813,2025,3,8,August,33,13,Wednesday,False
592,2025-08-14 04:01:10,20250814,2025,3,8,August,33,14,Thursday,False
593,2025-08-15 04:01:10,20250815,2025,3,8,August,33,15,Friday,False
594,2025-08-16 04:01:10,20250816,2025,3,8,August,33,16,Saturday,True
595,2025-08-17 04:01:10,20250817,2025,3,8,August,33,17,Sunday,True
596,2025-08-18 04:01:10,20250818,2025,3,8,August,34,18,Monday,False
597,2025-08-19 04:01:10,20250819,2025,3,8,August,34,19,Tuesday,False
598,2025-08-20 04:01:10,20250820,2025,3,8,August,34,20,Wednesday,False
599,2025-08-21 04:01:10,20250821,2025,3,8,August,34,21,Thursday,False
600,2025-08-22 04:01:10,20250822,2025,3,8,August,34,22,Friday,False
601,2025-08-23 04:01:10,20250823,2025,3,8,August,34,23,Saturday,True
602,2025-08-24 04:01:10,20250824,2025,3,8,August,34,24,Sunday,True
603,2025-08-25 04:01:10,20250825,2025,3,8,August,35,25,Monday,False
604,2025-08-26 04:01:10,20250826,2025,3,8,August,35,26,Tuesday,False
605,2025-08-27 04:01:10,20250827,2025,3,8,August,35,27,Wednesday,False
606,2025-08-28 04:01:10,20250828,2025,3,8,August,35,28,Thursday,False
607,2025-08-29 04:01:10,20250829,2025,3,8,August,35,29,Friday,False
608,2025-08-30 04:01:10,20250830,2025,3,8,August,35,30,Saturday,True
609,2025-08-31 04:01:10,20250831,2025,3,8,August,35,31,Sunday,True
610,2025-09-01 04:01:10,20250901,2025,3,9,September,36,1,Monday,False
611,2025-09-02 04:01:10,20250902,2025,3,9,September,36,2,Tuesday,False
612,2025-09-03 04:01:10,20250903,2025,3,9,September,36,3,Wednesday,False
613,2025-09-04 04:01:10,20250904,2025,3,9,September,36,4,Thursday,False
614,2025-09-05 04:01:10,20250905,2025,3,9,September,36,5,Friday,False
615,2025-09-06 04:01:10,20250906,2025,3,9,September,36,6,Saturday,True
616,2025-09-07 04:01:10,20250907,2025,3,9,September,36,7,Sunday,True
617,2025-09-08 04:01:10,20250908,2025,3,9,September,37,8,Monday,False
618,2025-09-09 04:01:10,20250909,2025,3,9,September,37,9,Tuesday,False
619,2025-09-10 04:01:10,20250910,2025,3,9,September,37,10,Wednesday,False
620,2025-09-11 04:01:10,20250911,2025,3,9,September,37,11,Thursday,False
621,2025-09-12 04:01:10,20250912,2025,3,9,September,37,12,Friday,False
622,2025-09-13 04:01:10,20250913,2025,3,9,September,37,13,Saturday,True
623,2025-09-14 04:01:10,20250914,2025,3,9,September,37,14,Sunday,True
624,2025-09-15 04:01:10,20250915,2025,3,9,September,38,15,Monday,False
625,2025-09-16 04:01:10,20250916,2025,3,9,September,38,16,Tuesday,False
626,2025-09-17 04:01:10,20250917,2025,3,9,September,38,17,Wednesday,False
627,2025-09-18 04:01:10,20250918,2025,3,9,September,38,18,Thursday,False
628,2025-09-19 04:01:10,20250919,2025,3,9,September,38,19,Friday,False
629,2025-09-20 04:01:10,20250920,2025,3,9,September,38,20,Saturday,True
630,2025-09-21 04:01:10,20250921,2025,3,9,September,38,21,Sunday,True
631,2025-09-22 04:01:10,20250922,2025,3,9,September,39,22,Monday,False
632,2025-09-23 04:01:10,20250923,2025,3,9,September,39,23,Tuesday,False
633,2025-09-24 04:01:10,20250924,2025,3,9,September,39,24,Wednesday,False
634,2025-09-25 04:01:10,20250925,2025,3,9,September,39,25,Thursday,False
635,2025-09-26 04:01:10,20250926,2025,3,9,September,39,26,Friday,False
636,2025-09-27 04:01:10,20250927,2025,3,9,September,39,27,Saturday,True
637,2025-09-28 04:01:10,20250928,2025,3,9,September,39,28,Sunday,True
638,2025-09-29 04:01:10,20250929,2025,3,9,September,40,29,Monday,False
639,2025-09-30 04:01:10,20250930,2025,3,9,September,40,30,Tuesday,False
